sequence,assigned_date,purpose
1,2025-01-08T09:35:42+08:00,synthetic contribution graph experiment
2,2025-01-10T20:55:36+08:00,synthetic contribution graph experiment
3,2025-01-29T09:42:00+08:00,synthetic contribution graph experiment
4,2025-02-01T17:25:45+08:00,synthetic contribution graph experiment
5,2025-02-09T14:12:16+08:00,synthetic contribution graph experiment
6,2025-02-21T17:45:17+08:00,synthetic contribution graph experiment
7,2025-03-04T10:10:16+08:00,synthetic contribution graph experiment
8,2025-03-10T12:30:51+08:00,synthetic contribution graph experiment
9,2025-03-12T18:24:55+08:00,synthetic contribution graph experiment
